Workbook

Sheet README
A1: Fleetskipper — Outreach Tracker
A3: How to use this workbook
A5: 1. Prospects tab — your main working list. Pre-seeded with public UK workboat operators.
A6: Research each one, add contact details, set priority (A/B/C) and stage, and add a next action + date.
A8: 2. Ecosystem tab — industry bodies, events, and media to plug into. These give you credibility + pipeline volume.
A10: 3. Pipeline tab — auto-updates counts by stage. Your at-a-glance view. Also shows suggested weekly targets.
A12: Stage definitions
A13: Research — Identifying the company / right contact
A14: Ready to contact — You have the contact's name + LinkedIn/email and a reason to reach out
A15: Contacted — First message sent
A16: Replied — They've engaged (any response)
A17: Call booked — Discovery call on the calendar
... A35: Pre-seeded company details are from public sources and may be out of date. Verify before outreach.

Sheet Prospects
A1: Company | B1: Fleet type | C1: Base / port | D1: Approx fleet size | E1: Website | F1: Contact name | G1: Title | H1: LinkedIn URL | I1: Email | J1: Source | K1: Priority | L1: Stage | M1: First contacted | N1: Last touch | O1: Next action | P1: Next action date | Q1: Notes
A2: Seacat Services | B2: CTV (offshore wind) | C2: Cowes, IoW | D2: 25+ | E2: https://seacatservices.co.uk | J2: Industry | K2: A | L2: Research | O2: Introductory LinkedIn message to Ops Director | Q2: Large established CTV fleet — high-value prospect
A3: Windcat Workboats | B3: CTV (offshore wind) | C3: Hull / NL | D3: 50+ | E3: https://windcat-workboats.com | J3: Industry | K3: A | L3: Research | O3: Identify UK-based Ops/Fleet Manager | Q3: One of the largest CTV operators in Europe
A4: Njord Offshore | B4: CTV (offshore wind) | C4: Lowestoft | D4: 15+ | E4: https://njord-offshore.com | J4: Industry | K4: A | L4: Research | O4: Research current fleet manager
A5: Turbine Transfers (Holyhead Towing) | B5: CTV (offshore wind) | C5: Holyhead | D5: 10+ | E5: https://holyheadtowing.com | J5: Industry | K5: A | L5: Research | O5: Find Ops Director on LinkedIn | Q5: Part of Holyhead Towing Group
A6: HST Marine | B6: CTV (offshore wind) | C6: Waltham Abbey | D6: 35+ | E6: https://hst-marine.com | J6: Industry | K6: A | L6: Research | Q6: Formerly High Speed Transfers; major CTV fleet
A7: Dalby Offshore | B7: CTV (offshore wind) | C7: Hessle | D7: 10+ | E7: https://dalbyoffshore.com | J7: Industry | K7: A | L7: Research
A8: Tidal Transit | B8: CTV (offshore wind) | C8: Wells-next-the-Sea | D8: 10+ | E8: https://tidaltransit.co.uk | J8: Industry | K8: B | L8: Research
A9: MCS (Manor Marine) | B9: Workboat / marine services | C9: Portland | D9: — | E9: https://manormarine.co.uk | J9: Industry | K9: B | L9: Research
A10: CWind | B10: CTV (offshore wind) | C10: Lowestoft | D10: 10+ | E10: https://cwind.com | J10: Industry | K10: B | L10: Research
A11: Purus Wind | B11: CTV (offshore wind) | C11: Lowestoft | D11: 10+ | E11: https://puruswind.com | J11: Industry | K11: B | L11: Research | Q11: Formerly ZTT Offshore
A12: Mainprize Offshore | B12: CTV (offshore wind) | C12: Bridlington | D12: 5-10 | E12: https://mainprizeoffshore.co.uk | J12: Industry | K12: B | L12: Research
A13: Williams Shipping | B13: Workboat / harbour services | C13: Southampton | D13: 20+ | E13: https://williams-shipping.co.uk | J13: Industry | K13: B | L13: Research | Q13: Diverse workboat fleet — port services
A14: Briggs Marine & Environmental | B14: Workboat / marine services | C14: Burntisland | D14: 40+ | E14: https://briggsmarine.com | J14: Industry | K14: B | L14: Research | Q14: Large Scottish operator
A15: James Fisher Marine Services | B15: Workboat / offshore | C15: Barrow-in-Furness | D15: varies | E15: https://james-fisher.com | J15: Industry | K15: C | L15: Research | Q15: Large group — may be too big, start smaller
A16: Atlantic Offshore Rescue | B16: Workboat / ERRV | C16: Aberdeen | D16: 10+ | E16: https://atlantic-offshore.com | J16: Industry | K16: C | L16: Research | Q16: North Sea focus

Sheet NI Operators
A1: Northern Ireland — workboat & marine operators
A2: NI's workboat market is small. The realistic pool of WBC3-relevant operators is: port/harbour authorities (who own pilot boats & maintenance workboats), a handful of independent marine contractors, aquaculture operators in Strangford, and the offshore wind tech ecosystem growing around Belfast. Fishing vessels at Kilkeel/Ardglass/Portavogie sit under the Fishing Vessel Code, not WBC3 — flagged separately as Phase 2 targets. Several Irish/Scottish operators also run workboats in NI waters; they're listed at the bottom.
A4: Company | B4: Type | C4: Base / port | D4: Approx fleet / vessels | E4: Website | F4: Contact name | G4: Title | H4: LinkedIn URL | I4: Email | J4: Source | K4: Priority | L4: Stage | M4: First contacted | N4: Last touch | O4: Next action | P4: Next action date | Q4: Notes
A5: NI-based operators & authorities
A6: Belfast Harbour Commissioners | B6: Port authority | C6: Belfast | D6: Pilot boats, mooring, maintenance craft | E6: https://www.belfast-harbour.co.uk | G6: Harbour Master / Marine Ops Mgr | J6: Direct contact | K6: A | L6: Replied | M6: 46132 | N6: 46132 | O6: Follow up for feedback after their review | P6: 46143 | Q6: 2026-04-20: Spoke with them — agreed to evaluate Fleetskipper next week (w/c 27 Apr). Belfast Harbour OWNS and operates the Belfast pilot boats (incl. Hibernia) — Belfast Pilots are the pilots themselves, not the boat operators. THIS is the real WBC3 prospect for pilot craft and harbour workboats. Prep follow-up note for 1 May with an easy way for them to share feedback.
A7: Belfast Pilots | B7: Pilotage service (pilots, not boat operators) | C7: Belfast / Larne | D7: Pilot launches (shared fleet) | E7: https://belfastpilots.com | G7: Senior Pilot / Chair | J7: Research | K7: B | L7: Research | O7: Warm intro opportunity — you are a pilot. Message the chair directly. | Q7: NOTE: Belfast Harbour Commissioners own/operate the pilot boats (confirmed 2026-04-20). The pilots themselves aren't the WBC3 vessel operators — but they're an incredibly valuable network for Johnny as a fellow pilot. Position this relationship as referral/credibility, not product sale.
A8: Larne Port (Peel Ports) | B8: Port authority | C8: Larne | D8: Harbour workboats | E8: https://www.peelports.com/locations/larne-port | G8: Port Manager | J8: Research | K8: A | L8: Research | Q8: Part of Peel Ports Group — decisions may sit in Liverpool.
A9: Warrenpoint Port | B9: Port authority | C9: Warrenpoint | D9: Harbour craft | E9: https://www.warrenpointport.com | G9: Harbour Master | J9: Research | K9: B | L9: Research | Q9: Second-busiest NI port; independent trust port.
A10: Foyle Port (Londonderry P&H Commissioners) | B10: Port authority | C10: Derry / Londonderry | D10: Harbour craft | E10: https://www.londonderryport.com | G10: Harbour Master | J10: Research | K10: B | L10: Research | Q10: Trust port covering Lough Foyle.
A11: Coleraine Harbour | B11: Port authority | C11: Coleraine | D11: Harbour craft | E11: https://www.coleraineharbour.com | G11: Harbour Master | J11: Research | K11: C | L11: Research | Q11: Smaller port; limited fleet.
A12: NIFHA — NI Fishery Harbour Authority | B12: Fishery harbour authority | C12: Ardglass / Kilkeel / Portavogie | D12: Harbour workboats | E12: https://www.nifha.co.uk | G12: Chief Executive | J12: Research | K12: B | L12: Research | Q12: Manages the 3 NI fishery harbours; they own and operate harbour service workboats.
A13: Artemis Technologies | B13: Marine tech / CTV builder | C13: Belfast | D13: Pioneer of Belfast (eFoiler CTV) | E13: https://www.artemistechnologies.co.uk | G13: Head of Commercial / COO | J13: Industry | K13: A | L13: Research | O13: Approach as partner / integration candidate, not just customer | Q13: Potential partner, not pure customer — their CTVs will need ops software. High brand value if you win them.
A14: SMS Towage (Boluda UK) | B14: Tug operator | C14: Belfast + other UK ports | D14: 20 tugs across UK (Belfast one of them) | E14: https://www.smstowage.com | G14: NI Operations Manager | J14: Research | K14: B | L14: Research | Q14: Part of Boluda Towage UK; decision-making likely central. Try the Belfast ops manager first.
A15: BJ Marine | B15: Marina / brokerage | C15: Bangor, Co. Down | D15: Limited commercial | E15: https://www.bjmarine.net | G15: MD | J15: Research | K15: C | L15: Research | Q15: Mainly leisure/brokerage; possible referral/introducer.
A16: McLaughlin & Harvey | B16: Civil engineering w/ marine works | C16: Mallusk, Belfast | D16: Operates workboats for marine piling/civil projects | E16: https://www.mclh.co.uk | G16: Marine Works Manager / Ops Director | J16: Industry | K16: B | L16: Research | Q16: Large NI contractor; undertakes marine piling. May own/charter workboats project-to-project.
A17: Rathlin Island Ferry (O'Driscoll Marine) | B17: Passenger workboat / ferry | C17: Ballycastle / Rathlin | D17: 2 vessels | E17: https://www.rathlinballycastleferry.com | G17: Operations Manager | J17: Research | K17: C | L17: Research | Q17: Small passenger ferry operation; WBC3 relevance depends on vessel type.
A18: Strangford Lough Ferry (DfI) | B18: Passenger ferry (DfI) | C18: Strangford / Portaferry | D18: MV Portaferry II / MV Strangford II | E18: https://www.infrastructure-ni.gov.uk/articles/strangford-ferry | G18: Ferry Manager | J18: Research | K18: C | L18: Research | Q18: Operated by Dept for Infrastructure NI; gov decision cycle.
A19: Cuan Oysters | B19: Aquaculture (oysters) | C19: Strangford Lough | D19: Small workboats | E19: https://www.cuansealochshellfish.co.uk | G19: Owner / MD | J19: Research | K19: B | L19: Research | Q19: One of UK's main oyster producers; Strangford-based.
A20: Glenarm Organic Salmon | B20: Aquaculture (salmon) | C20: Glenarm | D20: Farm workboats | E20: https://glenarmorganicsalmon.com | G20: Farm Manager | J20: Research | K20: B | L20: Research | Q20: NI's main salmon operation; uses workboats for farm ops.
A21: Aquaculture Representative Group NI (ARG NI) | B21: Trade body (networking) | C21: Belfast | D21: N/A — networking target | E21: https://www.aquacultureni.co.uk | G21: Secretary / Chair | J21: Research | K21: B | L21: Research | O21: Introduce Fleetskipper at a member event | Q21: Not a customer — trade body gives access to every NI aquaculture operator in one room.
A22: Operators based outside NI but running workboats in NI waters
A23: Alpha Marine | B23: Tugs / workboats (serves NI) | C23: Dublin (ROI) | D23: Tugs, workboats, CTVs | E23: https://www.alphamarine.ie | G23: MD | J23: Industry | K23: B | L23: Research | Q23: Operates across Ireland, UK, Northern Europe — includes NI waters. May fall under Irish code, not WBC3.
A24: LCF Marine | B24: Marine contractor (serves NI) | C24: Bantry Bay (ROI) | D24: Multi-purpose workboats | E24: https://www.lcfmarine.com | G24: MD | J24: Industry | K24: B | L24: Research | Q24: Ireland's leading marine contractor; licensed for UK & Irish waters. Includes NI projects.
A25: Atlantic Towage & Marine | B25: Towage / salvage (serves NI) | C25: Ireland | D25: Tugs, response vessels | E25: https://www.atlantictowage.com | G25: Ops Director | J25: Industry | K25: C | L25: Research | Q25: Ireland-wide; NI coverage for salvage, cable, crew transfer.
A26: Marine Services (marineservices.ie) | B26: RIBs & CTVs for hire | C26: Ireland | D26: RIBs, CTVs | E26: https://marineservices.ie | G26: MD | J26: Industry | K26: C | L26: Research | Q26: Fleet of MSO-licensed RIBs and CTVs serving Ireland and NI.
A27: Offshore Workboats Ltd (OWL) | B27: Workboat supplier (serves NI) | C27: Clydebank, Scotland | D27: Multicats, safety boats, barges | E27: https://www.offshoreworkboats.co.uk | G27: MD | J27: Industry | K27: C | L27: Research | Q27: Scottish supplier frequently chartered in NW UK and NI waters.
A28: Phase 2 — fishing vessel ecosystem (Fishing Vessel Code, not WBC3)
A29: NIFPO — NI Fish Producers' Organisation | B29: Trade body (fishing fleet) | C29: Kilkeel | D29: ~110 boats represented | E29: https://www.nifpo.co.uk | G29: CEO | J29: Research | K29: C | L29: Research | O29: Networking only — fishing vessels are Phase 2 (Fishing Vessel Code, not WBC3) | Q29: Phase 2 target. Represents Kilkeel/Ardglass/Portavogie fleets.
A30: ANIFPO — Anglo North Irish Fish Producers' Organisation | B30: Trade body (fishing fleet) | C30: Kilkeel | D30: Member fleet | E30: https://anifpo.com | G30: CEO | J30: Research | K30: C | L30: Research | O30: Networking only — Phase 2 | Q30: Phase 2 target; fishing fleet representation.

Sheet Ecosystem
A1: Industry bodies, events, and media — plug into these to build presence
A3: Category | B3: Name | C3: URL | D3: Why it matters | E3: Your action
A4: Trade body | B4: National Workboat Association (NWA) | C4: https://workboatassociation.org | D4: THE UK trade body for the WBC3 workboat sector — members are exactly your ICP | E4: Apply for membership; attend events; get listed as an associate/supplier
A5: Regulator | B5: Maritime & Coastguard Agency (MCA) | C5: https://www.gov.uk/government/organisations/maritime-and-coastguard-agency | D5: Owns WBC3 — credibility comes from alignment, not a sale | E5: Follow updates; reference WBC3 clauses accurately in content
A6: Trade body | B6: British Ports Association | C6: https://www.britishports.org.uk | D6: Ports own/operate workboats and host your prospects | E6: Monitor membership for leads
A7: Trade body | B7: Maritime UK | C7: https://www.maritimeuk.org | D7: Umbrella body, useful for visibility | E7: Apply for SME membership; look at regional clusters (Solent, Mersey, Humber)
A8: Trade body | B8: Society of Maritime Industries | C8: https://www.maritimeindustries.org | D8: Suppliers + tech; useful for positioning as maritime tech | E8: Consider membership
A9: Event | B9: Seawork International | C9: https://www.seawork.com | D9: THE UK commercial marine show; workboat-heavy; held in Southampton (June) | E9: Visit this year; plan exhibit/partner booth for next year
A10: Event | B10: CTV Summit | C10: https://ctvsummit.com | D10: CTV-focused operator gathering | E10: Attend; target ops directors
A11: Event | B11: NWA Annual Conference | C11: https://workboatassociation.org/events | D11: Members-only type gathering; high-density prospect | E11: Attend once you're a member/sponsor
A12: Event | B12: Offshore Wind Connections | C12: https://offshorewindconnections.com | D12: Offshore wind supply chain networking | E12: Low-cost way to meet CTV ops folks
A13: Media | B13: Workboat World | C13: https://www.baird.com.au/workboat-world | D13: Global workboat trade mag — pitch stories/case studies | E13: Pitch a case study once you have a paying pilot customer
A14: Media | B14: Maritime Journal | C14: https://www.maritimejournal.com | D14: UK/European commercial marine news | E14: Press release on launch / notable milestones
... A18: Adjacent tech | B18: Spinergie, Helm Operations, Damen Marine Components (Vantage) | C18: (various) | D18: Existing tools in this space — friend or foe; partnership potential | E18: Competitive analysis + potential integration partners

Sheet Pipeline
A1: Pipeline at a glance
A3: Stage | B3: Count | C3: % of total
A4: Research | B4: =COUNTIF(Prospects!L:L,A4) -> 15 | C4: =IF(COUNTA(Prospects!A2:A1000)=0,0,B4/COUNTA(Prospects!A2:A1000)) -> 1
A5: Ready to contact | B5: =COUNTIF(Prospects!L:L,A5) -> 0 | C5: =IF(COUNTA(Prospects!A2:A1000)=0,0,B5/COUNTA(Prospects!A2:A1000)) -> 0
A6: Contacted | B6: =COUNTIF(Prospects!L:L,A6) -> 0 | C6: =IF(COUNTA(Prospects!A2:A1000)=0,0,B6/COUNTA(Prospects!A2:A1000)) -> 0
A7: Replied | B7: =COUNTIF(Prospects!L:L,A7) -> 0 | C7: =IF(COUNTA(Prospects!A2:A1000)=0,0,B7/COUNTA(Prospects!A2:A1000)) -> 0
A8: Call booked | B8: =COUNTIF(Prospects!L:L,A8) -> 0 | C8: =IF(COUNTA(Prospects!A2:A1000)=0,0,B8/COUNTA(Prospects!A2:A1000)) -> 0
A9: Demo given | B9: =COUNTIF(Prospects!L:L,A9) -> 0 | C9: =IF(COUNTA(Prospects!A2:A1000)=0,0,B9/COUNTA(Prospects!A2:A1000)) -> 0
A10: Trial | B10: =COUNTIF(Prospects!L:L,A10) -> 0 | C10: =IF(COUNTA(Prospects!A2:A1000)=0,0,B10/COUNTA(Prospects!A2:A1000)) -> 0
A11: Closed — Won | B11: =COUNTIF(Prospects!L:L,A11) -> 0 | C11: =IF(COUNTA(Prospects!A2:A1000)=0,0,B11/COUNTA(Prospects!A2:A1000)) -> 0
A12: Closed — Lost | B12: =COUNTIF(Prospects!L:L,A12) -> 0 | C12: =IF(COUNTA(Prospects!A2:A1000)=0,0,B12/COUNTA(Prospects!A2:A1000)) -> 0
A13: Nurture | B13: =COUNTIF(Prospects!L:L,A13) -> 0 | C13: =IF(COUNTA(Prospects!A2:A1000)=0,0,B13/COUNTA(Prospects!A2:A1000)) -> 0
A14: Total companies | B14: =COUNTA(Prospects!A2:A1000) -> 15
A16: Weekly targets (suggested starting point)
A18: New contacts researched | B18: 10 / week
A19: New contacts messaged (LinkedIn + email) | B19: 10 / week
A20: Follow-ups sent | B20: 5-10 / week
A21: Discovery calls booked | B21: 2-3 / week
A22: Demos given | B22: 1-2 / week
A23: LinkedIn posts | B23: 2 / week
A24: Blog posts | B24: 1 / fortnight
